video_id,title,channel_title,publish_time,category_id,country,duration,views,likes,comments
mrV8kK5t0V8,Bruno Mars - I Just Might [Official Music Video],Bruno Mars,2026-01-09T05:01:04Z,10,VN,PT3M33S,39464069,1132033,51337
R6e4tBWxIxE,ENHYPEN (엔하이픈) 'Knife' Official MV,HYBE LABELS,2026-01-16T05:00:00Z,10,VN,PT2M44S,15487765,660385,82959
2FE7pOBbRn8,We Built America in Minecraft,MrBeast Gaming,2026-01-17T17:00:05Z,20,VN,PT21M25S,11636425,439108,52767
z7j-pe2xblc,"🔴Trực Tiếp || U23 Việt Nam vs U23 UAE | 22h30  ngày 16/01 ,U23 châu Á ||Simulation Video Games",bongdavolga,2026-01-16T18:27:04Z,20,VN,PT2H45M47S,6398558,9448,46
hjYOanJelUs,Trúc Nhân | VẠN SỰ NHƯ Ý | Official MV,Trúc Nhân,2026-01-08T14:18:41Z,10,VN,PT4M26S,5934576,97590,3472
HJgdT15UT4k,LNGSHOT - [Moonwalkin'] Official Music Video,MORE VISION,2026-01-13T08:59:57Z,24,VN,PT3M35S,5684460,313029,15781
BWfKkqo1Mk8,EXO 엑소 'Crown' MV,SMTOWN,2026-01-19T09:00:14Z,10,VN,PT3M32S,5130332,293171,43129
Bb5Qb7ziIig,obito - 'dạo này' (official music video),Obito Official,2025-12-24T16:55:27Z,10,VN,PT4M49S,4801141,71730,3520
XRgOPWisuog,EXTREME SHARK GAME!!!,Sylex,2026-01-17T14:34:27Z,24,VN,PT12S,3187927,31830,0
z_9YQ-5eh_c,JeraiCathy Live Stream,JeraiCathy,2026-01-17T15:18:33Z,20,VN,PT1M11S,2771188,6571,90
3rzV2GbvP7w,🔴 TRỰC TIẾP Việt Nam vs uae - VIDEO GAME SIMULATION,Mr Ceking Gaming,2026-01-16T18:42:26Z,20,VN,PT11M26S,2283553,2009,11
Zjih9rzYxfM,"🔴[Trực Tiếp] U23 Việt Nam vs U23 UAE  | 22:30 NGÀY 16/01, U23 châu Á  |Simulation Video Games",bongdavolga86,2026-01-16T18:25:38Z,20,VN,PT2H44M24S,2281994,1734,5
NpI4TSgBVTw,HIEUTHUHAI - Mong Năm Mới Trải Hoa (prod. by Kewtiie) I Official Music Video,HIEUTHUHAI,2026-01-12T13:00:08Z,10,VN,PT3M6S,1668227,46614,9921
HEblLwDSBSE,"Tết Ta Về - Nhạc Tết 2026 | Đông Nhi, Jun Phạm, Bùi Công Nam, Khoai Lang Thang, CONGB | Official MV",ĐÔNG NHI,2026-01-15T13:00:08Z,10,VN,PT7M20S,1637835,57674,8081
Dh0GtUR0zKY,Quang Hùng MasterD - 'Bước Tới Tết Mới' - Official Music Video,Quang Hùng MasterD,2026-01-01T13:00:07Z,10,VN,PT4M14S,1584364,59509,12396
yDdO-yu74zg,Bình Luận Tiếng Việt: NS vs HLE l DRX vs T1 | LCK CUP 2026,LCK Tiếng Việt,2026-01-18T13:34:35Z,20,VN,PT5H33M45S,1470102,9808,54
IZU9VRQgv8c,Tôi dẫn Mr Beast đi tham quan Việt Nam,Neji Coconut,2026-01-17T17:28:02Z,20,VN,PT11M34S,1453997,68761,4507
ub7-vBvSXRI,"HURRYKNG, Negav - No Alcohol (Official Music Video)",HURRYKNG,2025-12-28T13:30:07Z,10,VN,PT3M36S,1394594,48160,9172
M9mFT9BhmDo,STEAL A BRAINROT GIVEAWAY LIVE | STEAL A BRAINROT FREE SECRETS + FREE BRAINROT GODS,Joxy,2026-01-18T05:58:55Z,20,VN,PT16S,1287865,24687,75
vDfa1iXXmhw,KAY TRẦN - TẾT LUÔN MỈM CƯỜI | OFFICIAL MUSIC VIDEO,Kay Tran Official,2026-01-07T12:58:07Z,10,VN,PT3M36S,1281254,22574,5878
hlf95p9JAGA,WREN EVANS - NỔ | Full Album Experience (ft. itsnk),Wren Evans Official,2026-01-05T13:01:32Z,10,VN,PT36M34S,1169442,23633,2031
h0djuhl97Kw,Mili - SAIKAI [ Limbus Company ],Mili,2026-01-16T11:00:07Z,10,VN,PT5M24S,1115610,58216,4545
eQOZMWmVUsg,Vũ Điệu Thanh Xuân 2 - DISCO | Liên Khúc Nhạc Hoa Lời Việt Hải Ngoại Sôi Động Nghe Là Nghiện,Tình Ca Audio,2026-01-02T21:45:01Z,10,VN,PT1H29M56S,1109297,7983,607
LAuBFQPO-Fo,Con Mèo Xuân - Khuyến Dương | Official Music Video,Grammy Music Vietnam,2026-01-10T12:58:06Z,10,VN,PT4M19S,952811,31802,1756
mtS5tt5zbXA,"BI HUỲNH GIẢI CỨU BRAINROT 0,001% KHỎI SÓNG THẦN PHÓNG XẠ TRONG ROBLOX",Bi Huỳnh Roblox,2026-01-18T07:02:57Z,20,VN,PT14M44S,951401,7088,776
R4DDiH3uGgE,NHẬT BẢN vs JORDAN Loạt sút luân lưu | châu Á AFC 2026 | Mô phỏng PES,Football Live,2026-01-16T14:38:58Z,20,VN,PT23M7S,924875,784,6
IWSinYTZoro,THIỆP HỒNG SAI TÊN - NGUYỄN THÀNH ĐẠT | THÁI HỌC (COVER) - Em viết thiệp hồng tên em thì đúng …,Nguyễn Thái Học Official,2025-12-30T12:00:42Z,10,VN,PT5M13S,897784,3311,326
9uwP2uxsLW0,🔴TRỰC TIẾP: U23 VIỆT NAM VS U23 UAE | VÒNG TẾT AFC U23 CHÂU Á | CHƠI MÔ PHỎNG,KickOff TV,2026-01-16T18:51:45Z,20,VN,PT3H10M53S,868664,0,0
HKWgtSeagl4,THEY FOUND the MASHA and the BEAR Characters in an ABANDONED tunnel !!,BuzzLoop,2026-01-17T17:49:47Z,22,VN,PT1M11S,847057,1520,47
V7LJR_u85tg,'TẾT CỘNG NỤ CƯỜI' - MONO x NSND Bạch Tuyết x Bùi Công Nam (Nhạc Tết 2026),Mono Official,2026-01-16T13:00:06Z,10,VN,PT3M36S,843127,43759,9845
VollcciTb3s,JUKY SAN ft. LIU GRACE - TA CÙNG NHAU QUÊN NIỀM ĐAU | OFFICIAL MV | ALBUM ĐẪM TÌNH,Juky San,2026-01-07T13:00:07Z,10,VN,PT3M9S,792132,16933,789
GYxXmnCDdwA,TRỰC TIẾP: U23 VIỆT NAM VS U23 UAE | VIETNAM U23 VS UAE U23 | Video Game Simulator,Maai Priscila,2026-01-16T18:21:16Z,24,VN,PT3H14M24S,785740,4764,25
9KEjxehXFBA,HOA VÀ VÁY - Quốc Thiên | Nữ Ca Sĩ Giấu Mặt Cover | Em Sẽ Nắm Chặt Đôi Tay Và Yêu Đậm Sâu...,ACVocals,2026-01-02T12:09:09Z,10,VN,PT4M43S,785605,2296,95
VZ0il2mBjK0,bài hát này dành riêng cho mình em - CONGB ft. buitruonglinh | Performance Video | CONGBDAY EP,CONGB Official,2026-01-04T12:00:06Z,10,VN,PT3M24S,767866,30252,10743
kVn0srm6OdY,"LK Bolero HAY NHẤT HIỆN NAY - Ca Nhạc Trữ Tình CỰC ÊM TAI Toàn Bài Hay, Nhạc Vàng Xưa Ru Ngủ Về Đêm",Vua Bolero,2026-01-14T10:21:39Z,10,VN,PT1H56M34S,748969,1862,63
A3yD4R_g76w,BI HUỲNH NHÂN VIÊN KIỂM TRA THANH TRỪNG ZOMBIE TẠI KHU CÁCH LY | Quarantine Zone #1,Bi Huỳnh Gaming,2026-01-17T10:23:27Z,20,VN,PT57M8S,718261,8738,852
NWl8dqOqBj0,1 tỉ năm tiến hóa trong SPORE!,Cá Khô,2026-01-09T13:00:06Z,20,VN,PT1H13M34S,672333,12504,399
HebE_xMngKs,Nếu Hiha Càng Chết Thì Hiha Trở Thành HIHA SUY VONG Trong Minecraft*Chết = Hiha Suy Vong Team Tập 1,Oops Hiha,2026-01-17T11:00:07Z,20,VN,PT15M35S,663059,7576,532
YWuSoogl_1g,Đánh giải APAC ngày 1: BO6 128 người loại 64,Em Chè ĐTCL,2026-01-16T15:17:19Z,20,VN,PT5H13M59S,636446,7044,0
ReTy3CJ37Ls,Long Slide Game With Cow Elephant Gorilla Hippopotamus Tiger 3d Animal Game Funny 3d Animals,Flygame Animals,2026-01-19T04:06:13Z,1,VN,PT10M48S,635430,12560,191
0iMkjo0q7pg,[Free Fire] OB52 “Quay Và Test Đồ GOJO Cực Ngầu” Leo Rank Với Vũ Khó BÚA III Chíp Cực Mạnh !,CULÌ TV,2026-01-16T04:00:01Z,20,VN,PT22M39S,582789,10868,291
T3CWPCqTFxI,Chung kết VietNam League 2025: Ai sẽ là nhà vua Free Fire Việt Nam?,BÁC GẤU VLOG,2026-01-18T12:27:24Z,20,VN,PT5H17M38S,566336,8634,52
VooDxN5TeS4,THNE PHÁT HIỆN CÁCH MỞ KHÓA CHIÊU MỚI MƯỜI TÁM VÀ CẦN CÂU TRẦN TRONG CÂU CÁ VẠN CÂN.,THNE Roblox,2026-01-15T22:45:03Z,20,VN,PT11M1S,536755,5923,4573
7Qqk3Z-POhI,Yummie Sở Hữu QUẦN ÁO HIHA HOLOGRAM Trong Minecraft 🤣🤩,YUMMIE TV,2026-01-14T10:35:06Z,20,VN,PT19M,536708,8928,1021
Ifb5XClfgU4,LMC Cân 2 Kèo Xuống Tóc Mr Thuận Và Bảo Master ? ,LMC Gamer,2026-01-10T03:15:26Z,22,VN,PT20M56S,515685,6358,505
C8z9nsgTJT8,NHẠC REMIX TIKTOK TRIỆU VIEW - BXH Nhạc Trẻ Remix Hay Nhất Hiện Nay🎼Top 20 Nhạc TikTok Hay 2026,H2O Remix,2026-01-16T00:00:21Z,10,VN,PT1H5M45S,512293,2449,81
SyWFthzfpjA,(Quarantine Zone: The Last Check #1) Chỉ huy Mixi căng não phân loại người dân giữa đại dịch zombie.,MixiGaming,2026-01-13T12:31:01Z,24,VN,PT2H53M13S,490187,5647,146
3KdhCtzjpwk,ARK nhưng TÔI CHẾ TẠO QUÁI THÚ MÁY KHỔNG LỒ,RAV,2026-01-10T03:00:04Z,20,VN,PT16M22S,481266,2486,141
2H4571mL0Js,Mình Bắt Tất Cả SCP Trong 100 Ngày Minecraft Sinh Tồn !!,Dương record,2026-01-11T11:00:05Z,20,VN,PT43M8S,478228,8540,447
YuTbZV3tkRY,"Nhạc Tết 2026 EDM Mới Nhất - Nhạc Xuân 2026 Remix Hay Nhất Nghe Là Thấy Tết, Đón Tết Nguyên Đán 2026",BD Media Music,2026-01-16T23:00:04Z,10,VN,PT1H19M4S,468380,2884,130
dAT05Gt9_NY,Việt Nam vs UAE | CÚP CHÂU Á 2026 | TRẬN ĐẤU TRỰC TIẾP HÔM NAY | Lối chơi PES,GaMePLaY 312,2026-01-16T19:18:56Z,20,VN,PT3M14S,461094,226,0
Ob_FtBBL4A4,CẬP NHẬP CÁCH NÂNG CẤP CHIÊU CAN MÔN ĐOẠN CỘT CỬA GÃY V2 CỰC MẠNH HÀO ĐÀO ĐẾ CÂU CÁ VẠN CÂN,Thinh Zuka Play ,2026-01-15T13:48:01Z,22,VN,PT10M41S,452228,12057,5456
wO7vDIduNMc,Mình Sử Dụng Sức Mạnh Dragon Để Cày Từ Level 1 Lên Level Max Trong Blox Fruits,Thám Tử HB,2026-01-11T02:15:09Z,24,VN,PT36M3S,448352,12077,2976
Tiavv6IQl7c,Tô Gà 24H Bị Dính Với Nabee Trong MInecraft!,Toga TV,2026-01-18T10:43:53Z,20,VN,PT12M38S,412433,2020,163
dlrEJZYN0k8,HÙNG AKIRA TREO 7 SERVER BUFF X105 LUCK BẮT SIÊU PHẨM SECRET DRAGON VÀ CERBERUS CANDY UPDATE ẨN SAB,HÙNG AKIRA TOILET,2026-01-14T08:43:32Z,20,VN,PT18M39S,391094,4058,3718
qURCaX11kD8,Thiệp Hồng Sai Tên Remix | BXH Nhạc Trẻ Remix Hay Nhất 2025 | Top 15 Bản EDM TikTok Hot Trend,Minh Quan EDM,2026-01-13T23:14:17Z,10,VN,PT2H28S,384206,919,102
amTQ2z2toNA,🔴VIỆT NAM vs UAE | Trò chơi mô phỏng eFootball PES 21 trên PC,KYRGYZ PUBG,2026-01-16T19:46:12Z,20,VN,PT3M20S,381285,318,0
FllNbgYs6fg,"🔴 NGÀY 3 - VÒNG LOẠI KHU VỰC APAC CÚP CHIẾN THUẬT I K1AN, LECHUYEN, MIDFEED | ĐTCL Mùa 16",Đấu Trường Chân Lý,2026-01-18T16:51:30Z,20,VN,PT7H5M28S,378377,2967,2
icUsMbLkj7Y,LyLy - 24H (Moving on version) | Official MV,LyLy Official ,2026-01-05T14:13:31Z,10,VN,PT3M35S,377413,8667,354
U-1Avr5vjX4,DR4GONS Thử Nghiệm 27 LỜI ĐỒN KHÔNG THỂ XẢY RA Nhưng Lại CÓ THẬT Trong Escape Tsunami For Brainrots,Dr4gons Roblox 02,2026-01-16T04:15:04Z,20,VN,PT15M37S,371664,1484,220
77rMwnwOuS8,(DailyStream) MỞ THẺ BÙNG NỔ VÀ ĐẬP THẺ LÀM GỤC NGÃ MỘT HUYỀN THOẠI,TUI TÊN BÔ,2026-01-14T20:21:19Z,19,VN,PT7H40M6S,368942,5289,15
j1LVsZgROkQ,TẤM LÒNG CỬU LONG - AM REMIX -  ANH ĐI TỪ ĐỒNG BẰNG CỬU LONG MANG THEO TẤM LÒNG TRẮNG TRONG REMIX,DJ AM OFFICIAL,2026-01-16T06:25:00Z,10,VN,PT4M43S,360924,2568,69
SnA6slh6Grs,NHẠC REMIX TIKTOK TRIỆU VIEW - BXH Nhạc Trẻ Remix Hay Nhất Hiện Nay - Top 20 Nhạc TikTok Hay 2025,Orinn Mix,2026-01-17T01:53:00Z,22,VN,PT1H8M7S,355373,935,29
SBWOJXkTPOo,Ca Nhạc Bolero Tâm Trạng 2025 ➤ Tuyển Chọn Nhạc Vàng Trữ Tình Hay Nhất – Êm Tai Không nên bỏ qua,Bảo Hân Bolero,2026-01-13T23:06:19Z,10,VN,PT1H52M36S,350735,1298,42
BM-EcnAzv7U,HÙNG AKIRA QUAY ĐỒ GOJO SATORU CHẬT VẬT LEO RANK CAO THỦ TỬ CHIẾN VÀ CÁI KẾT GẶP BỐ DỊCH CHUYỂN GÁNH,HUNGAKIRA MOBILE,2026-01-15T11:26:51Z,20,VN,PT23M59S,344694,5554,1361
CPxXb5g4RFo,UZBEKISTAN vs TRUNG QUỐC | Loạt sút luân lưu | Cúp bóng đá châu Á AFC 2026 |Trò chơi PES,Niyaz Gamer,2026-01-17T12:17:07Z,20,VN,PT23M47S,344655,638,96
8n39k_mOzxI,bqThanh & Ốc Thi leo thật nhanh lên nóc nhà thoát khỏi Cái Đầu Quỷ 67 khổng lồ,bqThanh,2026-01-17T10:00:24Z,20,VN,PT23M42S,319925,1940,100
WNMiwUM7pB0,TRAI ĐẸP VỜN NHAU NHƯ NÀO ?,HK15,2026-01-13T11:30:38Z,20,VN,PT22M55S,312357,7569,328
nEtvhmabPGA,PHIÊN BẢN MINECRAFT KHÓ CHỊU NHẤT TÔI TỪNG CHƠI,Dương404,2026-01-17T04:00:55Z,20,VN,PT18M25S,305829,8196,1422
MOrhyWScatg,MV Tết Ổn Rồi (Remix) - Jun Phạm,Jun Phạm Official,2026-01-06T13:00:54Z,10,VN,PT4M24S,298275,5404,343
sOsh_GKOny4,LNGSHOT - [Never Let Go] Official Audio,LNGSHOT,2026-01-15T11:26:57Z,10,VN,PT3M14S,295645,17811,857
CrgojRJ8zE4,[VN] GAM vs CFO | DFM vs MVK | Vòng Bảng Giai Đoạn 1 LCP 2026 - Tuần 1 Ngày 2,LoL Esports VN,2026-01-17T10:11:07Z,20,VN,PT4H21M49S,293356,1945,33
QMkO_BnDVFs,NHẠC REMIX TIKTOK TRIỆU VIEW - BXH Nhạc Trẻ Remix Hay Nhất Hiện Nay - Top 20 Nhạc TikTok Hay 2026,Ness Remix,2026-01-17T23:00:00Z,10,VN,PT1H5M8S,290244,2031,80
0u7FogokvnA,Quarantine Zone #1 | ĐẠI DỊCH BÙNG PHÁT VÀ SỰ SỐNG CÒN CỦA NHÂN LOẠI ĐỀU NẰM HẾT Ở TÔI  !!!,Hat Snow Player,2026-01-14T13:00:06Z,20,VN,PT2H7M56S,282069,4499,231
yeqgcP8L5Fk,Hồi Ức Thanh Xuân 2 - DISCO | LK NHẠC HOA LỜI VIỆT SAY NHẠC QUÊN ĐƯỜNG VỀ | NGHE LÀ NGHIỆN,Phượng Hoàng Media,2026-01-09T22:30:17Z,10,VN,PT1H9M17S,276691,1927,97
1hUA_6isk7c,PHONG CẬN chơi Hello Neighbor phiên bản sợ vãi,Phong Cận Tv,2026-01-17T03:00:02Z,20,VN,PT20M46S,274370,2192,279
ucNP9dFFbd8,Tân Cổ Song Ca Hơi Dài TÌNH ĐẦU DANG DỠ | Vọng Cổ Hơi Dài Hay Nhất Mọi Thời Đại Nghe Tê Tái Tái,Hồng Mảnh Official,2026-01-05T12:01:53Z,10,VN,PT1H20M51S,274332,1241,43
K65T4vRL58A,"HÙNG AKIRA KHÔ MÁU MỞ 30 LUCKY BLOCK BÙNG NỔ SECRET CANDY HIẾM NHẤT VÀ VOI DÂU 6,6B KỈ LỤC UPDATE",Hùng Akira Blox Fruit,2026-01-18T08:26:45Z,20,VN,PT18M19S,269203,2443,869
R79PGymjyXM,Xếp hạng ĐỘ NGUY HIỂM của tất cả Thực Thể trong Doors,Sao Đơn,2026-01-16T11:06:17Z,20,VN,PT33M23S,263601,2952,443
WOzYv1XkDRU,18/1/2026: RRQ YBY1 - CO STREAM CHUNG KẾT CUP 1 !group !datatft,YBY1,2026-01-18T17:43:14Z,20,VN,PT7H30M19S,262110,2061,0
0cJIDqayxvA,56 Thứ HIẾM NHẤT Trong Minecraft,Hungg VN,2026-01-17T11:00:02Z,20,VN,PT31M55S,259570,4573,255
wu-Gdsc0ZIk,VƯƠNG BÌNH x PHÙNG KHÁNH LINH - Thành phố phía Đông | 'ANH BỜ VAI' Ấn Bản KIM,ST.319 Entertainment,2026-01-11T13:00:07Z,10,VN,PT3M54S,249328,10107,860
7NeUwmmW6AY,Mình Là Người Yêu Cũ | Nhạc Trẻ Ballad Triệu View 2026 |Top 20 Ca Khúc Buồn Về Tình Yêu Nghe Là Khóc,Đêm Nhạc Ballad,2026-01-10T23:05:51Z,10,VN,PT2H18M38S,248779,934,28
IlbHYqXeYdo,Mình Khám Phá HANG DƠI Cùng QUÁI MỚI Cực Đỉnh Trong 99 NIGHT IN THE FOREST...,Crazy Lion 02,2026-01-18T10:00:33Z,22,VN,PT12M2S,248478,2676,294
0FO7ISgJqqg,Levi xem LCP GAM vs CFO | MVK vs DFM #LoLPacific #WatchPartyLCP,Levi,2026-01-17T09:58:34Z,20,VN,PT3H41M2S,238114,3008,11
nlecXYADVVo,Bài Ca Em Viết - Muộii ft. HUSTLANG ROBBER I Prod. Lespace | Official Visualizer,Muộii OFFICIAL,2026-01-15T13:00:06Z,10,VN,PT4M5S,237225,13474,474
h6qPsjbt398,"Lội ngược dòng ngoạn mục, WAG ACADEMY chính thức trở thành tân vương của Việt Nam League 2025",Free Fire Esports VN,2026-01-18T12:21:46Z,20,VN,PT5H21M6S,235020,2271,22
l6Lg22KK_N8,Trùm Móc Lốp Cùng Đại Đệ Tử Song Kiếm Hợp Bích Thử Thách 2 Cân 48 Trên Live Bác Gấu Liệu Có Top 1 ??,Nguyễn Khả Khánh,2026-01-13T10:00:06Z,20,VN,PT21M9S,234140,3123,125
I1EotXsw7wU,Tôi ôn lại tuổi thơ với các game huyền thoại trên Y8,Người Già Chơi Game,2026-01-15T11:00:36Z,22,VN,PT9M23S,231639,4148,179
VVzwQCdYegA,Hustlang Robber - Sa Đà (Official Audio),Hustlang Robber,2026-01-13T14:50:57Z,10,VN,PT2M44S,229053,10976,563
kXau6uBdw5g,Thiệp Hồng Sai Tên - Lê Gia Bảo (MV Lyrics Official) - Em Viết Thiệp Hồng Tên Em Thì Đúng,H2O Entertainment,2026-01-09T05:01:33Z,22,VN,PT5M3S,226550,4575,107
D0Cc1hmTD2M,Mở Khóa Bản Hủy Diệt FREDBEAR Siêu Nhanh ??? bqThanh & Ốc Hoảng Sợ Trong Hello Neighbor,bqThanh TV,2026-01-17T11:00:22Z,20,VN,PT19M36S,226284,1345,75
ucVNTfCibOo,HOÀNG DŨNG x VŨ. - NHỮNG “ĐOẠN KẾT” BỎ QUÊN - LIVE AT XOAY TRÒN CONCERT,Hoàng Dũng,2026-01-10T14:01:39Z,10,VN,PT6M16S,222087,3708,236
Z07NJMZ5XvA,[Trailer] Thám Tử Sê Lốc Huy - Truyền Kỳ | Phần 5,Oppa Huy IDol,2026-01-16T10:30:11Z,24,VN,PT58S,220820,3707,404
Zv5a9LaCg1o,Đừng Lừa Mình Thì Bạn Sẽ Nhận Trái Ác Quỷ Mới Vĩnh Viễn Trong Blox Fruits | Roblox,Dragons VN,2026-01-17T04:10:46Z,20,VN,PT17M42S,220008,3301,850
5etmRlFNSD0,MÙA XUÂN ĐẶT TÊN (St: Ngọc Phụng) - Quỳnh Trang & Ngọc Phụng (Official MV).,Quỳnh Trang Official,2026-01-09T12:00:07Z,10,VN,PT7M37S,217875,1710,719
DZSqYt4nnV4,"Nhạc Tết 2026 Remix, LK Nhạc Xuân 2026 Remix Hay Nhất Nghe Là Thấy Tết - Chào Xuân Bính Ngọ 2026",Mee Remix,2026-01-16T07:00:02Z,10,VN,PT1H14M1S,215513,0,44
Qp5U9cxpMaE,Simmy TỨC ĐỎ MẶT Khi Chơi THÁP TROLL ĐỘC ÁC Trong Roblox 😡⁉️,Mèo Simmy,2026-01-16T10:32:00Z,20,VN,PT16M9S,199300,2394,389
S8wz-o3vH4M,TÔI ĐÃ SAI LẦM KHI MỞ CỬA CHO BÀ TA...,Trực Tiếp Game,2026-01-15T18:15:05Z,20,VN,PT2H12M32S,191745,4432,238
xEDyAHUtuDs,Nhạc Ballad 8x9x Bất Hủ - Playlist Nhạc Xưa 8x9x Đời Đầu Hay Nhất | TOP 20 BẢN HIT DÀNH CHO 8X 9X,Ký Ức 89,2026-01-07T11:02:01Z,22,VN,PT1H22M25S,191706,444,17
7ylJtyVnJ04,NHẠC REMIX TIKTOK HAY 2026🔥NONSTOP 2026 DJ THÁI HOÀNG REMIX🎼BXH NHẠC TRẺ REMIX HOT NHẤT 2026,Dolce Music,2026-01-17T00:00:10Z,22,VN,PT1H5M45S,187075,0,36
JJ6m26nU-nk,[ROBLOX] Đừng Uống Nước Ngọt Cậu Bé 67🥤🤮JayGray Biến Hình Thành SCP-067 KID Khi Chọn Uống Nhầm Ly,JayGray Roblox,2026-01-18T11:03:16Z,20,VN,PT12M55S,182096,1683,84
LRIFELd-OT0,SAMMY VÀ MÈO SIMMY MỞ TIỆM KEM VÀO LÚC 12H ĐÊM TRONG ROBLOX,Sammy Đào,2026-01-15T13:10:28Z,20,VN,PT30M52S,180765,2802,196
mmxfdXl1QOo,Làng Sinh Tố Đã Làm Chuyện Ấy Lúc Ngủ Trong Minecraft,Sầu Riêng TV,2026-01-17T10:30:35Z,24,VN,PT10M35S,179887,835,34
-nnWHAuc3Ac,Trùm Móc Lốp Chi 10.000KC Săn Đồ GoJo Thử Thách “Giả Gái Đá Live Bác Gấu” Liệu Có Top 1 ???,Lốp Đá Live,2026-01-16T09:45:06Z,22,VN,PT12M43S,172173,1938,119
I_FsMWocxQk,KHÔNG NGHE LỜI MẸ DẶN VÀ CÁI KẾT💀| Gore In Crayon ,ManDk,2026-01-15T10:00:33Z,20,VN,PT15M15S,170119,4973,381
eZUANLXzvHg,SLENDERMAN HACK TIỀN HUNGRY SHARK MUA VÀ TIẾN HOÁ HẾT SCP-EL GRAN MAJA VÀ ASTAROTH,SlenderMan™,2026-01-16T10:00:58Z,20,VN,PT15M23S,167854,1648,103
BMiLe-UDbmI,Phân Tích Trailer: Poppy Playtime Chapter 5 (P3) - 1006 Chính Thức Lộ Diện | meGAME,meGAME,2026-01-15T11:00:18Z,20,VN,PT11M7S,165757,4129,132
auS3Iv0BPZE,XUÂN NÀY CON VỀ MẸ Ở ĐÂU✨BOLERO DIỄN QUÂN Giọng Ca Đặc Biệt Hay 2026➤Nhạc Vàng Xưa Bất Hủ Cực Êm Tai,Nhạc Bolero Trữ Tình,2026-01-07T11:07:31Z,10,VN,PT1H16M,158395,4395,44
DRN0Fh-jaR0,Đột Nhập LiveStream Hơn 10 Ngàn Người Xem Của Bác Gấu Tấu Hài,White Toxic,2026-01-17T09:21:28Z,24,VN,PT14M42S,158058,2273,45
qVo4njO9OzQ,Tôi Biến Arthur Thành Sát Thủ Với Giáo Án Ngưỡng Máu Tử ?,Ha Le Quyen,2026-01-18T11:15:01Z,20,VN,PT8M24S,158045,3536,210
af0tAbF_7I4,LK Nhạc Sống Thôn Quê Mới Nhất 2026 CẢ XÓM PHÊ-LK Nhạc Sống Dân Ca Quê Hương Ngọt Ngào TOÀN BÀI HAY,Thái Dương Bolero,2026-01-12T22:50:06Z,22,VN,PT1H46M9S,157897,6205,20
qdiZBX5Kcuk,CƯỚI TẾT - NAL | OFFICIAL MUSIC VIDEO | NHẠC TẾT 2026 | Để Đó Anh Lo Cho Cái Tết Nó Thêm Vui...,Nal Official,2026-01-17T12:00:11Z,10,VN,PT4M,157828,3364,203
xGgpk-h_xzg,Thông Báo Trước Đám Cưới Của Siro...Parkour Kể Chuyện Tập Cuối,Siro Official,2026-01-16T11:02:54Z,20,VN,PT8M,155166,8561,541
tXqSn-e0LVM,"Anh Tú - THƯA ĐẢNG quang vinh, con đã nghe từ ngày xưa... (Live)",Anh Tú Official,2026-01-17T13:31:04Z,10,VN,PT5M40S,151606,6930,735
805DH75MYD8,Trần Bình Thử Thách Chơi Mọi Tướng Với Kiếm Fafnir Và Kèo Zuka Chấp 5 Mạng Nhận 500,Tran Binh,2026-01-16T11:10:47Z,20,VN,PT24M32S,148748,2333,106
ZHGUeFj77Q4,50 NĂM VỀ SAU - Nguyện Cầu Đến 50 Năm Về Sau..| BXH HITS CA SĨ GIẤU MẶT Hay Nhất 2026,meChill Music,2026-01-14T11:11:31Z,10,VN,PT1H10M5S,148640,426,23
kSRS4bQNaHw,MINECRAFT KỴ SĨ KHỦNG LONG * TẬP 26 | MÌNH THẤT BẠI RỒI !! NGƯỜI BẠN MỚI ĐÃ HY SINH TRONG HẦM NGỤC,Lộc Zutaki,2026-01-18T03:01:00Z,20,VN,PT33M6S,147715,3607,355
VOn622AECjU,"[ CÂU CÁ VẠN CÂN ] MỞ KHÓA ""CẬU BÉ NGỐC NGHẾCH "" VÀ TUYỆT CHIÊU MỚI ÔNG CƯƠNG | MV GAMER",MV Channel,2026-01-16T11:00:11Z,20,VN,PT10M57S,147287,4099,621
wrdWv8gF4Xo,"BỎ RA 1 NGÀY CÙNG NGƯỜI CHIẾN THẮNG CUỘC THI CỦA MRBEAST ft CKG, Mèo Simmy...",ACN,2026-01-19T10:43:45Z,24,VN,PT8M54S,147190,7276,438
wFvKpRd-M30,TRAILER | U23 Ả-RẬP XÊ-ÚT - U23 VIỆT NAM | BẢNG A - VCK U23 CHÂU Á 2026,VTV Thể Thao,2026-01-12T08:54:34Z,17,VN,PT35S,146776,166,3
5SUvAqeL_44,Chiếc Xe Máy Mới của Franklin Trong GTA 5! 🏍️🤩 (MOD),Deann,2026-01-17T12:00:11Z,20,VN,PT15M21S,141719,434,14
xMgXnpNB9JQ,"Chiếc Lá Mùa Đông, Nụ Hôn Và Nước Mắt... - Nhạc Trẻ Ballad Tâm Trạng Hot TikTok TRIỆU VIEW",Playlist Nhẹ Nhàng,2026-01-13T10:16:49Z,22,VN,PT1H18M30S,140857,428,11
gGXOVl1_JAE,GIẢI CỎ ZO CÁC EM,Vũ Mạnh Cường,2026-01-16T17:29:38Z,20,VN,PT3H26M18S,138176,2146,103
hA7T3NGKLbM,LK 238 Bài Ca Nhạc Trữ Tình BOLERO ĐẶC BIỆT HAY➤SAY ĐẮM VẠN CON TIM - TOÀN BÀI CỰC ÊM TAI,KHÁNH LY BOLERO,2026-01-11T09:30:33Z,10,VN,PT2H29M22S,136419,0,6
nfrdAm30ZNo,LPL Tiếng Việt: BLG vs AL | JDG vs IG | LPL 2026 Split 1,BLV Vi Hồ,2026-01-17T15:24:21Z,20,VN,PT5H57M10S,135224,1294,3
bB6Y5Pua08w,K1 “Dùng Thử Nhân Vật MORSE Tàn Hình Leo Top 1 M590 VN Chuỗi 999” Bất Ngờ Bị Sự Cố Ban Acc Vì Quá Ảo,K1 Gaming,2026-01-17T11:46:46Z,20,VN,PT24M11S,135188,1353,306
NbBD8w0zhlQ,DUYÊN THẮM TRẦU CAU | TÔN CÁT TƯỜNG x KIM HẠNH | COVER HANA CẨM TIÊN,Hana Cẩm Tiên Official,2026-01-11T12:00:11Z,10,VN,PT3M38S,135137,1585,84
ensir4oP4tQ,JayGray 3:00 Sáng Đào Ngôi Mộ Cậu Bé 67💀👋Tạm Biệt SCP-067 Trong Minecraft,JayGrayVN,2026-01-16T13:17:26Z,20,VN,PT14M26S,133795,2163,523
1FR6MECjRVU,Nhạc Tết Chill 2026 - Tết Bình An - Một Năm Cũ Đã Qua - Nhạc Xuân Chill Nghe Là Muốn Về Nhà,CaoTri Official ,2026-01-14T23:00:04Z,10,VN,PT1H7M38S,133571,680,38
jyvRzZWyVpo,Những Ngày Thanh Xuân - HuyR ft Jun Phạm,HuyR,2026-01-16T11:28:47Z,10,VN,PT4M29S,132316,3172,485
-b8HYnwaiB4,NABEE EM BÉ MÈO GIÚP ĐỠ ĐƯỢC TÔ GÀ NHẬN NUÔI TRONG MINECRAFT*NABEE MÈO GIÚP ĐỠ 🐱❤️,Nabee,2026-01-17T10:00:00Z,20,VN,PT13M20S,132051,925,70
r_kefAftC8M,Dương Domic - Không Ngừng Suy Nghĩ (Official Visualizer),Dương Domic,2026-01-18T12:00:17Z,24,VN,PT3M39S,130124,12081,1382
bU27KP-nUsI,Tóm Tắt 100 Ngày || Five Nights at Freddy's - Khám Phá Nơi Kinh Hoàng Và Giải Cứu Em Gái,Lulu,2026-01-16T09:30:23Z,20,VN,PT47M39S,128184,393,14
3tmtxONx9xk,OANH TẠ X TRIỆU MUZIK | NHẠC NGHE TRÊN XE VOL 3 | TRACK LIST THIỆP HỒNG SAI TÊN |  COVER Hot Tiktok,Oanh Tạ official ,2026-01-16T08:34:53Z,10,VN,PT1H8M3S,127065,958,115
-MgWmUOykAg,#109Bài TUYỆT PHẨM Trữ Tình Bolero Sến Xưa Thu Hút CẢ XÓM PHÊ -LK Nhạc Vàng Xưa Ngọt Ngào CỰC ÊM TAI,Nhạc Sến Cực Hay,2026-01-14T22:30:11Z,22,VN,PT2H49M,126908,1651,20
3E1sGHMcNpQ,Đây Mới Là Nhạc Trữ Tình Bolero CỰC ÊM TAI Ru Ngủ Về Đêm-LK Nhạc Sống Thôn Quê Chọn Lọc Đặc Biệt Hay,Huyền My Bolero,2026-01-16T22:02:00Z,10,VN,PT2H26M2S,126786,1636,67
83NY5elyU4E,[BloxFruit] Trúng Trái Nào Phải Xài Trái Đó Từ Lv1 Hành Trình Siuuu Nhân Phẩm,DANMOMO YT,2026-01-19T09:37:39Z,22,VN,PT17M58S,123294,4153,1325
4gBpkBl2AUI,"Câu Chuyện Đầu Năm, Mùa Xuân Cưới Em - LK Nhạc Sống Dân Ca Miền Tây Vừa Ra Lò Đậm Tình Quê Hương",Giai Điệu Miền Tây,2026-01-12T11:13:54Z,22,VN,PT1H14M31S,122013,1563,13
flyeosKgspQ,Mình Trở Thành Siêu Trộm Chạy Trốn Bắt Brainrot Siu Xịn Trong Escape Tsunami For Brainrots,DanMomo Roblox,2026-01-17T10:20:22Z,22,VN,PT16M52S,118344,1103,85
iim8Ur8-EuA,THIỆP HỒNG SAI TÊN REMIX (Bản Hot TikTok) - Em Viết Thiệp Hồng Tên Em Thì Đúng Remix Hot Trend 2026,Nhạc Sàn Remix,2026-01-14T07:48:43Z,10,VN,PT32M43S,118267,0,11
726tn1NpFwc,GAME CỘNG ĐỒNG VIỆT NAM TOÀN BOY PHỐ TRONG ROBLOX | HÀ NỘI CITY,RAVG,2026-01-18T03:00:20Z,20,VN,PT12M53S,115803,645,27
u8I2JPnMMHw,MINI GAME : CUỘC THI CHẠY ĐUA NÂNG CẤP CÚP MẠNH NHẤT ** NOOB CÓ 3.000.000 SỨC MẠNH PHÁ HỦY BỨC TƯỜNG,T Gaming,2026-01-17T04:30:43Z,20,VN,PT48M41S,115656,2386,101
TS04y03CEsI,Mở Lòng Vì Ai (Thazh x Đông Remix) - Inso Cover ♫ Em Một Lòng Vì Anh Nhưng Anh Mở Lòng Vì Ai Remix,Air Remix,2026-01-10T10:59:54Z,10,VN,PT3M28S,115152,0,39
ULmVjDc34Q8,NHẠC TREND TIKTOK REMIX 2025 | NONSTOP VIỆT MIX 2025 BASS CỰC MẠNH | NHẠC TRẺ REMIX HAY NHẤT 2025,Việt Mix TV,2026-01-15T09:32:36Z,10,VN,PT1H8M46S,112579,0,39
1gtH4Tbae6E,ĐI LẠC VÀO VÙNG ĐẤT TUYẾT BẮC CỰC Phát Hiện KHỦNG LONG ĐẦU NGƯỜI REAL vs KHỦNG LONG ĐẦU NGƯỜI FAKE,GMi Gaming,2026-01-16T10:38:00Z,20,VN,PT22M39S,110406,390,16
Vv6dcBbF1DQ,Vở Kịch Của Em - Hồ Phong An | Ca Sĩ Giấu Mặt Cover ♫ Bản Chuẩn Hot TikTok,Tiệm Nhạc Việt,2026-01-09T11:00:56Z,10,VN,PT4M30S,108830,417,18
taLOwvLFGnQ,TÔI XẾP HẠNG SỨC MẠNH CÁC NHÂN VẬT Trong CÂU CÁ VẠN CÂN | TIỂU CƯỜNG,Tiểu Cường Roblox,2026-01-18T03:39:09Z,20,VN,PT9M54S,107982,904,311
uLZAeTcqHOg,17/01/2026 | RRQ MidFeed | lam het suc minh,MIDFEED TFT,2026-01-17T15:22:17Z,20,VN,PT5H16M6S,106823,1218,8
9FBBwEsMnNY,"Hắn Spam Aphelios Ở Rank 2000Đ, Đây là Cách Chơi!",Tiger1 TFT,2026-01-18T04:30:10Z,20,VN,PT31M40S,105775,1452,146
X-akF8Xy6T4,Nhường Lại Nỗi Đau Remix (Bản Chuẩn Tiktok) - Người Ta Có Gì Hơn Em Khiến Chàng Si Mê...,ACV Entertainment,2026-01-14T10:20:25Z,10,VN,PT4M5S,105761,450,15
EP05S_7xLRM,TRẬN ĐẤU NHIỀU CUP CKTG NHẤT 2026! | HLE vs T1 | LCK CUP 2026 | Hoàng Luân Co-stream,Hoàng Luân,2026-01-17T05:00:12Z,20,VN,PT1H26M11S,104217,1277,87
dc3VkKPdk88,TAMA -  NGƯỜI KHÔNG CÓ TRONG AN BÀI | OFFICIAL LYRICS VIDEO,TAMA,2026-01-08T12:00:06Z,10,VN,PT4M17S,103695,966,187
N1vFU_ggQk4,KHANGG TRỐN THOÁT KHỎI BẪY GỖ GIẢI CỨU BRAINROT 100B/S TRONG ROBLOX,Khủng Long Xanh,2026-01-17T02:03:47Z,20,VN,PT25M10S,102685,605,34
X0mWUsLmRwU,Nhạc Vàng Sến Xưa Vừa Ra Lò CỰC KỲ HAY - LK BOLERO Trữ Tình Mới Nhất 2026 SAY ĐẮM TRIỆU NGƯỜI NGHE,Bolero Phố Cũ,2026-01-12T23:41:14Z,10,VN,PT2H26M42S,102141,3921,10
3ufUU5GuESU,Trận đại chiến với các SCP.,Phi Ago Game,2026-01-19T11:09:21Z,20,VN,PT21M35S,101117,607,38
lQcfOVnzmgs,Sầu Thương (feat. Ca sĩ Nam Sầu Thương),Nhạc sĩ Việt Nhân - Topic,2026-01-09T09:02:38Z,10,VN,PT5M15S,100466,195,1
z9bJgv-Y7yw,Nhạc Không Lời Buổi Sáng Mới Nhất Cực Đỉnh | Hòa Tấu Rumba Guitar | Nhạc Cafe Buổi Sáng,Nhạc Sống VN365,2026-01-13T22:00:06Z,10,VN,PT2H23M11S,96880,0,9
G6LpuSJqNfU,Những diễn biến hấp dẫn nhất của Liên quân tại SEA Games 33,Người Chơi Điện Tử,2026-01-15T12:00:27Z,20,VN,PT26M34S,95126,2081,107
2Agx7YSnPRc,Check var giải tí rồi leo rank,TRÂU TFT,2026-01-18T02:18:09Z,20,VN,PT10H37M16S,94983,1143,0
VMzip7mWc84,TẬP THỂ DỤC TẠM BIỆT 2025 CÙNG HK15 AND WORKOUT,Long Áo Đen,2026-01-18T05:00:37Z,20,VN,PT18M40S,94800,4031,86
1GzN6aLVChM,ĐỪNG SOI MÓI HÀNG XÓM VÀO 3H SÁNG (BAN NGÀY CŨNG KHÔNG NÊN) | 2 GAME KINH DỊ,Duy Lê,2026-01-18T05:48:18Z,20,VN,PT25M28S,94712,2944,92
qyqmKNsTgeY,Tôi đã thu thập Cừu Hiếm Nhất trong Minecraft Hardcore,BIG Shark- Official,2026-01-17T12:47:09Z,20,VN,PT29M,94250,3435,325
WmypLq-HVLs,Tuyển Tập Nhạc Tết Bính Ngọ 2026 - Tết Này Con Sẽ Về - Nhạc Xuân Chill Nghe Là Muốn Về Nhà,Em Suy,2026-01-15T02:00:39Z,10,VN,PT1H32M16S,93565,206,39
mnJIG174Yms,MÃN NHÃN VỚI MÀN TRÌNH DIỄN LEESIN FARM VƯỢT THỜI GIAN CỦA SOFM GÁNH 3 LANE GẶP KHÓ LẬT KÈO CỰC ÁC,Văn Tùng,2026-01-18T04:08:59Z,20,VN,PT34M27S,90021,979,115
qT6KxEGM5-M,Kế Hoạch Vượt Ngục Của Anh Đen Xì Xì Và Thế Giới Minecraft Bất Ổn Của Hoàng ACC 🤣 Siêu Hài Hước,Hoàng ACC,2026-01-17T23:05:00Z,20,VN,PT21M7S,89844,262,7
0f_XszLR-Jc,🔥 MOCHIII Bùng Nổ Sân Khấu KING GOLD BEER Với Màn Trình Diễn THIỆP HỒNG SAI TÊN REMIX Cực Cuốn 🔥,Mochiii Official,2026-01-16T12:30:02Z,10,VN,PT4M45S,89466,693,54
ci53OFubE2s,Tôi Bị Ép Phải Chặt Cây HÀNG TRIỆU LẦN,Su Đờn,2026-01-17T12:01:09Z,20,VN,PT27M3S,89384,947,58
lZwrICfeByI,Nhạc Chill 2026 - BXH Nhạc Chill TikTok Triệu View Hay Nhất Hiện Nay - Nhạc Lofi Chill Buồn TikTok,Air Lofi Chill,2026-01-16T23:00:00Z,10,VN,PT1H11M39S,89286,0,21
jGF_059p9Ok,Nhạc Chill TikTok - Nhạc Lofi Buồn Hot Nhất Hiện Nay - Những Bản Nhạc Lofi Chill Nhẹ Nhàng,Anten.,2026-01-16T11:01:30Z,10,VN,PT45M10S,88598,0,28
MMJpytzWs1M,Giả Làm Con Gái 24H Để Cướp BRAINROT Bí Mật Trong Steal A Brainrot,Minh MG Roblox,2026-01-18T04:30:31Z,20,VN,PT22M1S,87859,214,8
-gs7toxDdMk,Nhạc Trẻ Ballad Việt Hay Nhất 2026 | Lk Nhạc Trẻ Mới Gây Nghiện | Nhạc Việt Hot Nhất Hiện Nay,Miu Music,2026-01-16T00:57:17Z,22,VN,PT1H9M25S,81246,3053,4
saVQ-oOMgvk,RAP VỀ CẦU THỦ NGUYỄN ĐÌNH BẮC ( U23 VIỆT NAM ) - MẠNH HAKYNO #manhhakyno,Mạnh Hakyno,2026-01-17T13:00:11Z,10,VN,PT2M5S,79851,1019,46
Pdq6v6KdhdM,NHẠC TẾT CĂNG NHẤT 2026 - NHẠC ĐÓN TẾT 2026 HAY NHẤT | NHẠC REMIX CHÀO XUÂN BÍNH NGỌ 2026 HAY NHẤT,RIN Vinahouse,2026-01-17T00:00:34Z,10,VN,PT1H32M8S,78398,448,23
qbCtNikXQcY,Trực Tiếp | AOE Việt Trung 2025 | 3v3 Shang | Chung Kết | Team Chim Sẻ vs Team U98 | Ngày 18/01/2026,ChimSeDiNang AOE,2026-01-18T16:53:41Z,20,VN,PT2H45M9S,78243,448,0
BieLsOZdWro,TẠI SAO STREAMER SỐ 1 THẾ GIỚI NÀY BỊ SỤP ĐỔ - NINJA,Bee Khám Phá,2026-01-18T09:34:27Z,24,VN,PT16M58S,77955,1156,83
zScalKdNYIg,"[LIVE MIX] - NHẠC NGHE TRÊN XE VOL 11 - LƯỚT SÓNG ĐẠP MÂY | DJ TRIỆU MUZIK, OANH TẠ, HẠ AN, LYNDA",DJ Triệu Muzik Official,2026-01-17T12:00:07Z,10,VN,PT1H6M18S,75277,578,56
796_umZm6SM,Nhạc Trẻ Ballad Triệu View 2026 | Playlist Ballad & Acoustic Buồn Nghe Là Khóc| Mình Là Người Yêu Cũ,LA Ballad Acoustic,2026-01-14T23:05:01Z,22,VN,PT2H13M34S,70667,1661,10
RIbIhm-s7nI,Cách em 1 milimet (OST CÁCH EM 1 MILIMET),Mủn Gỗ - Topic,2026-01-15T11:08:33Z,10,VN,PT4M37S,70293,492,23
wHW8BS-AirM,Graves Chí Mạng Được Buff Sức Mạnh Và Cách Sally Hủy Diệt Đối Thủ Với 2 Bắn 1 Mạng Siêu Lỗi Damage,Văn Tùng Siêu Cấp Trung,2026-01-17T11:58:17Z,20,VN,PT27M58S,67805,909,47
vo-0P9-SBJA,🔴BFX.Y vs HLE.C | Ngày 5 LCK CL 2026 | Bình Luận Tiếng Việt,SAN LPL VN 2,2026-01-19T12:06:00Z,20,VN,PT7H7M13S,67393,250,0
gsemFOSokOA,Nhạc Trẻ Ballad Hot Nhất 2026 | Top 15 Ca Khúc Về Nỗi Đau Tình Yêu Hot Trend | Có Mình Và Ta,Em Gái Thích Ballad,2026-01-16T00:00:05Z,10,VN,PT2H19M2S,64096,3575,29
aWkAex8_3_s,Trộm Vía,Vũ Thuỳ Linh - Topic,2026-01-08T10:04:45Z,10,VN,PT3M54S,63424,453,0
kLjoX7Y4M38,Đường Tím Bằng Lăng Karaoke Song Ca Nhạc Sống Siêu Hay | Trọng Hiếu,Hiếu Organ,2026-01-18T01:00:58Z,10,VN,PT5M19S,60960,0,6
KIOtA7JMQ9I,"ĐÊM NHẠC CẶP ĐÔI 2026 Hoa Nở Về Đêm 🔥 HUỲNH THẬT, THU HƯỜNG Song Ca NHIỀU BÀI HÁT Quen Thuộc",Huỳnh Thật Music,2026-01-17T10:00:50Z,22,VN,PT1H11M56S,58027,463,44
ALUw0wK0eU8,Karaoke Thiệp Hồng Sai Tên Tone Nữ ( Beat Mới 2026 ) Karaoke Thanh Duy,Thanh Duy Organ,2026-01-17T01:00:11Z,10,VN,PT5M42S,54853,131,3
qPJXo1xTWiI,Thiệp Hồng Sai Tên - Nhạc Trẻ Ballad Hot Trend 2025 ♫Top 20 Ca Khúc Nghe Day Dứt Về Nỗi Đau Tình Yêu,TD Music,2026-01-17T23:19:28Z,10,VN,PT2H22M8S,54201,114,5
kvcTMRf3Nss,VUX MỘT ĐÊM ĐẤU ĐỈNH CAO 1739 ĐIỂM GẶP TOÀN TOP SEVER THÁCH ĐẤU CỰC CĂNG,VuxGaming,2026-01-19T09:20:45Z,20,VN,PT21M36S,53360,807,36
0-32AXL_QjI,"Em viết thiệp hồng tên em thì đúng, nhưng tại sao sai tên anh... THIỆP HỒNG SAI TÊN | NGUYỄN ĐÌNH VŨ",Nguyễn Đình Vũ Official,2026-01-16T13:08:24Z,10,VN,PT3M41S,49972,278,39
eUNCN2JeR28,Mở Nhạc To Đón Tết 2026 🧧 Ngày Xuân Long Phụng Sum Vầy Remix - Lk Nhạc Tết EDM Tiktok Hay Nhất,BOSS EDM,2026-01-15T08:20:34Z,10,VN,PT1H18M23S,47487,3964,13
59gV-ibOqeo,APAC Ngay 3,Ngọc 6 Múi TFT,2026-01-18T17:33:26Z,20,VN,PT1H20M23S,46352,738,3
4dJEwUSqiOg,"THƯƠNG LY BIỆT, TUYỆT DUYÊN - ALBUM RUMBA XUẤT SẮC NHẤT 2026 - NGÂN NGÂN COVER CỰC HÓT",Rumba Nhạc Trẻ,2026-01-14T23:30:40Z,10,VN,PT1H24M43S,45062,1516,10
7xNWIg6mKtY,Liên Khúc Nhạc Xuân Mới Nhất 2026 - MÙA XUÂN XÔN XAO - Nhạc Tết Nhiều Ca Sĩ Hay Nhất Không Quảng Cáo,TG Trữ Tình,2026-01-17T14:47:31Z,10,VN,PT56M39S,42320,1004,7
BZEJQsYs5zQ,LK Cha Cha Nhạc Xuân Xưa Hay Nhất - Nhạc Tết Rộn Ràng Mở To Cả Xóm Cùng Nghe Đón Tết,Tuyết Nhi Record,2026-01-16T22:30:02Z,10,VN,PT1H51S,40915,678,9
5lPU2POoCqc,Chợ Mới 3 - Karaoke Vọng cổ Song Ca - Tác giả: Nguyễn Chung - Thanh Đạm,Hoài Nam,2026-01-17T04:43:08Z,10,VN,PT9M,40001,225,8
VsXKLllNbF8,"Nhạc Không Lời Buổi Sáng Đẳng Cấp Thư Giãn | Hòa Tấu Guitar Cổ Điển, Nhạc Cho Phòng Trà, Quán Cafe",Nhạc Phòng Trà ,2026-01-17T23:03:28Z,10,VN,PT2H14M39S,38158,1731,14
W2YYqoupM1c,"Tiết mục Top ca ""Đám Cưới Hồng Loan, Anh Hải"" quá xuất sắc",Lens Sân Khấu,2026-01-18T05:30:14Z,10,VN,PT4M9S,37531,1223,68
XdIqoEbljMk,CÓ ĐÔI ĐIỀU - Tân Binh Thăng Cấp | Tiết mục chung kết Tân Binh Toàn Năng 2025,YEAH1 MUSIC,2026-01-18T04:30:11Z,10,VN,PT5M10S,31468,1866,156
gsme12RDKkY,Tìm Em Câu Ví Sông Lam Karaoke Tone Nam Mới Nhất | Nhạc Sống Thanh Ngân,Karaoke Nhạc Sống Thanh Ngân,2026-01-17T12:01:17Z,10,VN,PT6M30S,30376,1638,1
XYqg5F_TEfc,Nhạc Phật - LK Nhạc Phật Hay Nhất 2025 #NHẠC MÙNG 1/12 - Nghe Bồ Tát Che Chở Bình An May Mắn Cả Năm,Thương Quá Việt Nam,2026-01-18T22:00:06Z,10,VN,PT4H36M51S,24115,1611,27
